-- phpMyAdmin SQL Dump
-- version 5.0.4
-- https://www.phpmyadmin.net/
--
-- Host: 127.0.0.1
-- Generation Time: Jul 27, 2021 at 05:49 PM
-- Server version: 10.4.17-MariaDB
-- PHP Version: 7.3.27

SET SQL_MODE = "NO_AUTO_VALUE_ON_ZERO";
START TRANSACTION;
SET time_zone = "+00:00";


/*!40101 SET @OLD_CHARACTER_SET_CLIENT=@@CHARACTER_SET_CLIENT */;
/*!40101 SET @OLD_CHARACTER_SET_RESULTS=@@CHARACTER_SET_RESULTS */;
/*!40101 SET @OLD_COLLATION_CONNECTION=@@COLLATION_CONNECTION */;
/*!40101 SET NAMES utf8mb4 */;

--
-- Database: `hpp_mon_app`
--

-- --------------------------------------------------------

--
-- Table structure for table `failed_jobs`
--

CREATE TABLE `failed_jobs` (
  `id` bigint(20) UNSIGNED NOT NULL,
  `connection` text COLLATE utf8mb4_unicode_ci NOT NULL,
  `queue` text COLLATE utf8mb4_unicode_ci NOT NULL,
  `payload` longtext COLLATE utf8mb4_unicode_ci NOT NULL,
  `exception` longtext COLLATE utf8mb4_unicode_ci NOT NULL,
  `failed_at` timestamp NOT NULL DEFAULT current_timestamp()
) ENGINE=InnoDB DEFAULT CHARSET=utf8mb4 COLLATE=utf8mb4_unicode_ci;

-- --------------------------------------------------------

--
-- Table structure for table `migrations`
--

CREATE TABLE `migrations` (
  `id` int(10) UNSIGNED NOT NULL,
  `migration` varchar(255) COLLATE utf8mb4_unicode_ci NOT NULL,
  `batch` int(11) NOT NULL
) ENGINE=InnoDB DEFAULT CHARSET=utf8mb4 COLLATE=utf8mb4_unicode_ci;

--
-- Dumping data for table `migrations`
--

INSERT INTO `migrations` (`id`, `migration`, `batch`) VALUES
(1, '2014_10_12_000000_create_users_table', 1),
(2, '2014_10_12_100000_create_password_resets_table', 1),
(3, '2019_08_19_000000_create_failed_jobs_table', 1),
(4, '2021_05_01_072531_create_m_role_table', 1),
(5, '2021_05_01_073107_create_m_main_data_table', 1),
(6, '2021_05_01_073132_create_m_sun_data_table', 1),
(7, '2021_05_01_073143_create_m_wind_data_table', 1),
(8, '2021_05_01_075013_create_m_report_table', 1),
(9, '2021_07_11_231819_create_settings_table', 1),
(10, '2021_07_12_002721_create_activity_log_table', 1);

-- --------------------------------------------------------

--
-- Table structure for table `m_main_data`
--

CREATE TABLE `m_main_data` (
  `id` bigint(20) UNSIGNED NOT NULL
) ENGINE=InnoDB DEFAULT CHARSET=utf8mb4 COLLATE=utf8mb4_unicode_ci;

--
-- Dumping data for table `m_main_data`
--

INSERT INTO `m_main_data` (`id`) VALUES
(1),
(2),
(3),
(4),
(5),
(6),
(7),
(8),
(9),
(10),
(11),
(12),
(13),
(14),
(15),
(16),
(17),
(18),
(19),
(20),
(21),
(22),
(23),
(24),
(25),
(26),
(27),
(28),
(29),
(30),
(31),
(32),
(33),
(34),
(35),
(36),
(37),
(38),
(39),
(40),
(41),
(42),
(43),
(44),
(45),
(46),
(47),
(48),
(49),
(50),
(51),
(52),
(53),
(54),
(55),
(56),
(57),
(58),
(59),
(60),
(61),
(62),
(63),
(64),
(65),
(66),
(67),
(68),
(69),
(70),
(71),
(72),
(73),
(74),
(75),
(76),
(77),
(78),
(79),
(80),
(81),
(82),
(83),
(84),
(85),
(86),
(87),
(88),
(89),
(90),
(91),
(92),
(93),
(94),
(95),
(96),
(97),
(98),
(99),
(100),
(101),
(102),
(103),
(104),
(105),
(106),
(107),
(108),
(109),
(110),
(111),
(112),
(113),
(114),
(115),
(116),
(117),
(118),
(119),
(120),
(121),
(122),
(123),
(124),
(125),
(126),
(127),
(128),
(129),
(130),
(131),
(132),
(133),
(134),
(135),
(136),
(137),
(138),
(139),
(140),
(141),
(142),
(143),
(144),
(145),
(146),
(147),
(148),
(149),
(150),
(151),
(152),
(153),
(154),
(155),
(156),
(157),
(158),
(159),
(160),
(161),
(162),
(163),
(164),
(165),
(166),
(167),
(168),
(169),
(170),
(171),
(172),
(173),
(174),
(175),
(176),
(177),
(178),
(179),
(180),
(181),
(182),
(183),
(184),
(185),
(186),
(187),
(188),
(189),
(190),
(191),
(192),
(193),
(194),
(195),
(196),
(197),
(198),
(199),
(200),
(201),
(202),
(203),
(204),
(205),
(206),
(207),
(208),
(209),
(210),
(211),
(212),
(213),
(214),
(215),
(216),
(217),
(218),
(219),
(220),
(221),
(222),
(223),
(224),
(225),
(226),
(227),
(228),
(229),
(230),
(231),
(232),
(233),
(234),
(235),
(236),
(237),
(238),
(239),
(240),
(241),
(242),
(243),
(244),
(245),
(246),
(247),
(248),
(249),
(250),
(251),
(252),
(253),
(254),
(255),
(256),
(257),
(258),
(259),
(260),
(261),
(262),
(263),
(264),
(265),
(266),
(267),
(268),
(269),
(270),
(271),
(272),
(273),
(274),
(275),
(276),
(277),
(278),
(279),
(280),
(281),
(282),
(283),
(284),
(285),
(286),
(287),
(288),
(289),
(290),
(291),
(292),
(293),
(294),
(295),
(296),
(297),
(298),
(299),
(300),
(301),
(302),
(303),
(304),
(305),
(306),
(307),
(308),
(309),
(310),
(311),
(312),
(313),
(314),
(315),
(316),
(317),
(318),
(319),
(320),
(321),
(322),
(323),
(324),
(325),
(326),
(327),
(328),
(329),
(330),
(331),
(332),
(333),
(334),
(335),
(336),
(337),
(338),
(339),
(340),
(341),
(342),
(343),
(344),
(345),
(346),
(347),
(348),
(349),
(350),
(351),
(352),
(353),
(354),
(355),
(356),
(357),
(358),
(359),
(360),
(361),
(362),
(363),
(364),
(365),
(366),
(367),
(368),
(369),
(370),
(371),
(372),
(373),
(374),
(375),
(376),
(377),
(378),
(379),
(380),
(381),
(382),
(383),
(384),
(385),
(386),
(387),
(388),
(389),
(390),
(391),
(392),
(393),
(394),
(395),
(396),
(397),
(398),
(399),
(400),
(401),
(402),
(403),
(404),
(405),
(406),
(407),
(408),
(409),
(410),
(411),
(412),
(413),
(414),
(415),
(416),
(417),
(418),
(419),
(420),
(421),
(422),
(423),
(424),
(425),
(426),
(427),
(428),
(429),
(430),
(431),
(432),
(433),
(434),
(435),
(436),
(437),
(438),
(439),
(440),
(441),
(442),
(443),
(444),
(445),
(446),
(447),
(448),
(449),
(450),
(451),
(452),
(453);

-- --------------------------------------------------------

--
-- Table structure for table `m_report`
--

CREATE TABLE `m_report` (
  `id` bigint(20) UNSIGNED NOT NULL,
  `type` enum('Excel','PDF') COLLATE utf8mb4_unicode_ci NOT NULL,
  `file_report` varchar(50) COLLATE utf8mb4_unicode_ci NOT NULL,
  `user_id` bigint(20) UNSIGNED NOT NULL,
  `created_at` timestamp NULL DEFAULT NULL,
  `updated_at` timestamp NULL DEFAULT NULL
) ENGINE=InnoDB DEFAULT CHARSET=utf8mb4 COLLATE=utf8mb4_unicode_ci;

-- --------------------------------------------------------

--
-- Table structure for table `m_role`
--

CREATE TABLE `m_role` (
  `id` bigint(20) UNSIGNED NOT NULL,
  `name` varchar(15) COLLATE utf8mb4_unicode_ci NOT NULL
) ENGINE=InnoDB DEFAULT CHARSET=utf8mb4 COLLATE=utf8mb4_unicode_ci;

--
-- Dumping data for table `m_role`
--

INSERT INTO `m_role` (`id`, `name`) VALUES
(1, 'Administrator'),
(2, 'Staff');

-- --------------------------------------------------------

--
-- Table structure for table `m_sun_data`
--

CREATE TABLE `m_sun_data` (
  `id` bigint(20) UNSIGNED NOT NULL,
  `data_id` varchar(10) COLLATE utf8mb4_unicode_ci NOT NULL,
  `voltage` double NOT NULL,
  `lux` double NOT NULL,
  `created_at` timestamp NULL DEFAULT NULL,
  `updated_at` timestamp NULL DEFAULT NULL,
  `main_data_id` bigint(20) UNSIGNED NOT NULL
) ENGINE=InnoDB DEFAULT CHARSET=utf8mb4 COLLATE=utf8mb4_unicode_ci;

--
-- Dumping data for table `m_sun_data`
--

INSERT INTO `m_sun_data` (`id`, `data_id`, `voltage`, `lux`, `created_at`, `updated_at`, `main_data_id`) VALUES
(1, 'M-1', 9.43, 19.89, '2021-07-27 14:51:11', '2021-07-27 14:51:11', 3),
(2, 'M-2', 9.43, 42.84, '2021-07-27 14:51:13', '2021-07-27 14:51:13', 4),
(3, 'M-3', 9.43, 42.84, '2021-07-27 14:51:16', '2021-07-27 14:51:16', 5),
(4, 'M-4', 9.43, 39.78, '2021-07-27 14:51:18', '2021-07-27 14:51:18', 6),
(5, 'M-5', 9.43, 21.42, '2021-07-27 14:51:21', '2021-07-27 14:51:21', 7),
(6, 'M-6', 9.4, 19.89, '2021-07-27 14:51:23', '2021-07-27 14:51:23', 8),
(7, 'M-7', 9.43, 42.84, '2021-07-27 14:51:26', '2021-07-27 14:51:26', 9),
(8, 'M-8', 9.43, 42.84, '2021-07-27 14:51:28', '2021-07-27 14:51:28', 10),
(9, 'M-9', 9.43, 42.84, '2021-07-27 14:51:32', '2021-07-27 14:51:32', 11),
(10, 'M-10', 9.43, 42.84, '2021-07-27 14:51:36', '2021-07-27 14:51:36', 12),
(11, 'M-11', 9.43, 42.84, '2021-07-27 14:51:38', '2021-07-27 14:51:38', 13),
(12, 'M-12', 9.4, 42.84, '2021-07-27 14:51:42', '2021-07-27 14:51:42', 14),
(13, 'M-13', 9.43, 42.84, '2021-07-27 14:51:43', '2021-07-27 14:51:43', 15),
(14, 'M-14', 9.43, 42.84, '2021-07-27 14:51:47', '2021-07-27 14:51:47', 16),
(15, 'M-15', 9.43, 42.84, '2021-07-27 14:51:48', '2021-07-27 14:51:48', 17),
(16, 'M-16', 9.43, 42.84, '2021-07-27 14:51:52', '2021-07-27 14:51:52', 18),
(17, 'M-17', 9.43, 42.84, '2021-07-27 14:51:53', '2021-07-27 14:51:53', 19),
(18, 'M-18', 25, 42.84, '2021-07-27 14:51:57', '2021-07-27 14:51:57', 20),
(19, 'M-19', 25, 42.84, '2021-07-27 14:51:58', '2021-07-27 14:51:58', 21),
(20, 'M-20', 24.97, 39.78, '2021-07-27 14:52:02', '2021-07-27 14:52:02', 22),
(21, 'M-21', 25, 39.78, '2021-07-27 14:52:03', '2021-07-27 14:52:03', 23),
(22, 'M-22', 25, 39.78, '2021-07-27 14:52:07', '2021-07-27 14:52:07', 24),
(23, 'M-23', 25, 39.78, '2021-07-27 14:52:08', '2021-07-27 14:52:08', 25),
(24, 'M-24', 25, 39.78, '2021-07-27 14:52:12', '2021-07-27 14:52:12', 26),
(25, 'M-25', 9.43, 39.78, '2021-07-27 14:52:13', '2021-07-27 14:52:13', 27),
(26, 'M-26', 9.4, 39.78, '2021-07-27 14:52:17', '2021-07-27 14:52:17', 28),
(27, 'M-27', 9.43, 42.84, '2021-07-27 14:52:20', '2021-07-27 14:52:20', 29),
(28, 'M-28', 9.43, 42.84, '2021-07-27 14:52:21', '2021-07-27 14:52:21', 30),
(29, 'M-29', 10.11, 42.84, '2021-07-27 14:52:24', '2021-07-27 14:52:24', 31),
(30, 'M-30', 15.71, 42.84, '2021-07-27 14:52:26', '2021-07-27 14:52:26', 32),
(31, 'M-31', 9.43, 42.84, '2021-07-27 14:52:27', '2021-07-27 14:52:27', 33),
(32, 'M-32', 9.43, 42.84, '2021-07-27 14:52:29', '2021-07-27 14:52:29', 34),
(33, 'M-33', 9.43, 42.84, '2021-07-27 14:52:32', '2021-07-27 14:52:32', 35),
(34, 'M-34', 9.43, 42.84, '2021-07-27 14:52:34', '2021-07-27 14:52:34', 36),
(35, 'M-35', 9.43, 42.84, '2021-07-27 14:52:37', '2021-07-27 14:52:37', 37),
(36, 'M-36', 9.43, 42.84, '2021-07-27 14:52:38', '2021-07-27 14:52:38', 38),
(37, 'M-37', 9.43, 42.84, '2021-07-27 14:52:42', '2021-07-27 14:52:42', 39),
(38, 'M-38', 9.43, 42.84, '2021-07-27 14:52:44', '2021-07-27 14:52:44', 40),
(39, 'M-39', 9.43, 42.84, '2021-07-27 14:52:47', '2021-07-27 14:52:47', 41),
(40, 'M-40', 9.43, 42.84, '2021-07-27 14:52:48', '2021-07-27 14:52:48', 42),
(41, 'M-41', 9.43, 42.84, '2021-07-27 14:52:52', '2021-07-27 14:52:52', 43),
(42, 'M-42', 9.43, 42.84, '2021-07-27 14:52:53', '2021-07-27 14:52:53', 44),
(43, 'M-43', 9.43, 42.84, '2021-07-27 14:52:57', '2021-07-27 14:52:57', 45),
(44, 'M-44', 9.43, 42.84, '2021-07-27 14:53:00', '2021-07-27 14:53:00', 46),
(45, 'M-45', 9.43, 42.84, '2021-07-27 14:53:03', '2021-07-27 14:53:03', 47),
(46, 'M-46', 9.43, 42.84, '2021-07-27 14:53:04', '2021-07-27 14:53:04', 48),
(47, 'M-47', 9.43, 42.84, '2021-07-27 14:53:06', '2021-07-27 14:53:06', 49),
(48, 'M-48', 9.43, 42.84, '2021-07-27 14:53:08', '2021-07-27 14:53:08', 50),
(49, 'M-49', 9.43, 42.84, '2021-07-27 14:53:09', '2021-07-27 14:53:09', 51),
(50, 'M-50', 9.43, 42.84, '2021-07-27 14:53:11', '2021-07-27 14:53:11', 52),
(51, 'M-51', 9.43, 42.84, '2021-07-27 14:53:12', '2021-07-27 14:53:12', 53),
(52, 'M-52', 9.43, 42.84, '2021-07-27 14:53:14', '2021-07-27 14:53:14', 54),
(53, 'M-53', 9.43, 42.84, '2021-07-27 14:53:16', '2021-07-27 14:53:16', 55),
(54, 'M-54', 9.43, 42.84, '2021-07-27 14:53:19', '2021-07-27 14:53:19', 56),
(55, 'M-55', 9.43, 42.84, '2021-07-27 14:53:22', '2021-07-27 14:53:22', 57),
(56, 'M-56', 9.43, 42.84, '2021-07-27 14:53:23', '2021-07-27 14:53:23', 58),
(57, 'M-57', 9.43, 42.84, '2021-07-27 14:53:28', '2021-07-27 14:53:28', 59),
(58, 'M-58', 9.43, 42.84, '2021-07-27 14:53:30', '2021-07-27 14:53:30', 60),
(59, 'M-59', 9.43, 42.84, '2021-07-27 14:53:32', '2021-07-27 14:53:32', 61),
(60, 'M-60', 9.43, 42.84, '2021-07-27 14:53:33', '2021-07-27 14:53:33', 62),
(61, 'M-61', 9.43, 42.84, '2021-07-27 14:53:40', '2021-07-27 14:53:40', 63),
(62, 'M-62', 9.43, 42.84, '2021-07-27 14:53:41', '2021-07-27 14:53:41', 64),
(63, 'M-63', 9.43, 42.84, '2021-07-27 14:53:43', '2021-07-27 14:53:43', 65),
(64, 'M-64', 9.43, 42.84, '2021-07-27 14:53:44', '2021-07-27 14:53:44', 66),
(65, 'M-65', 9.43, 42.84, '2021-07-27 14:53:46', '2021-07-27 14:53:46', 67),
(66, 'M-66', 9.43, 42.84, '2021-07-27 14:53:48', '2021-07-27 14:53:48', 68),
(67, 'M-67', 9.43, 42.84, '2021-07-27 14:53:49', '2021-07-27 14:53:49', 69),
(68, 'M-68', 9.5, 42.84, '2021-07-27 14:53:51', '2021-07-27 14:53:51', 70),
(69, 'M-69', 9.92, 42.84, '2021-07-27 14:53:53', '2021-07-27 14:53:53', 71),
(70, 'M-70', 10.11, 42.84, '2021-07-27 14:53:57', '2021-07-27 14:53:57', 72),
(71, 'M-71', 10.11, 42.84, '2021-07-27 14:53:58', '2021-07-27 14:53:58', 73),
(72, 'M-72', 10.23, 42.84, '2021-07-27 14:54:02', '2021-07-27 14:54:02', 74),
(73, 'M-73', 10.21, 42.84, '2021-07-27 14:54:03', '2021-07-27 14:54:03', 75),
(74, 'M-74', 15.64, 42.84, '2021-07-27 14:54:10', '2021-07-27 14:54:10', 76),
(75, 'M-75', 9.43, 42.84, '2021-07-27 14:54:13', '2021-07-27 14:54:13', 77),
(76, 'M-76', 9.57, 42.84, '2021-07-27 14:54:16', '2021-07-27 14:54:16', 78),
(77, 'M-77', 10.11, 42.84, '2021-07-27 14:54:17', '2021-07-27 14:54:17', 79),
(78, 'M-78', 10.14, 42.84, '2021-07-27 14:54:19', '2021-07-27 14:54:19', 80),
(79, 'M-79', 10.14, 42.84, '2021-07-27 14:54:22', '2021-07-27 14:54:22', 81),
(80, 'M-80', 10.11, 42.84, '2021-07-27 14:54:23', '2021-07-27 14:54:23', 82),
(81, 'M-81', 10.11, 42.84, '2021-07-27 14:54:27', '2021-07-27 14:54:27', 83),
(82, 'M-82', 10.11, 42.84, '2021-07-27 14:54:33', '2021-07-27 14:54:33', 84),
(83, 'M-83', 10.11, 42.84, '2021-07-27 14:54:38', '2021-07-27 14:54:38', 85),
(84, 'M-84', 10.11, 42.84, '2021-07-27 14:54:40', '2021-07-27 14:54:40', 86),
(85, 'M-85', 10.11, 39.78, '2021-07-27 14:54:43', '2021-07-27 14:54:43', 87),
(86, 'M-86', 10.11, 39.78, '2021-07-27 14:54:44', '2021-07-27 14:54:44', 88),
(87, 'M-87', 10.11, 39.78, '2021-07-27 14:54:46', '2021-07-27 14:54:46', 89),
(88, 'M-88', 10.11, 39.78, '2021-07-27 14:54:48', '2021-07-27 14:54:48', 90),
(89, 'M-89', 10.11, 39.78, '2021-07-27 14:54:49', '2021-07-27 14:54:49', 91),
(90, 'M-90', 10.14, 39.78, '2021-07-27 14:54:51', '2021-07-27 14:54:51', 92),
(91, 'M-91', 10.14, 39.78, '2021-07-27 14:54:53', '2021-07-27 14:54:53', 93),
(92, 'M-92', 10.14, 42.84, '2021-07-27 14:54:57', '2021-07-27 14:54:57', 94),
(93, 'M-93', 10.11, 42.84, '2021-07-27 14:54:59', '2021-07-27 14:54:59', 95),
(94, 'M-94', 10.16, 42.84, '2021-07-27 14:55:02', '2021-07-27 14:55:02', 96),
(95, 'M-95', 10.11, 42.84, '2021-07-27 14:55:03', '2021-07-27 14:55:03', 97),
(96, 'M-96', 10.11, 39.78, '2021-07-27 14:55:07', '2021-07-27 14:55:07', 98),
(97, 'M-97', 10.11, 42.84, '2021-07-27 14:55:09', '2021-07-27 14:55:09', 99),
(98, 'M-98', 10.23, 42.84, '2021-07-27 14:55:12', '2021-07-27 14:55:12', 100),
(99, 'M-99', 10.06, 42.84, '2021-07-27 14:55:14', '2021-07-27 14:55:14', 101),
(100, 'M-100', 10.11, 42.84, '2021-07-27 14:55:17', '2021-07-27 14:55:17', 102),
(101, 'M-101', 10.11, 42.84, '2021-07-27 14:55:19', '2021-07-27 14:55:19', 103),
(102, 'M-102', 10.16, 42.84, '2021-07-27 14:55:24', '2021-07-27 14:55:24', 104),
(103, 'M-103', 0, 42.84, '2021-07-27 14:55:38', '2021-07-27 14:55:38', 105),
(104, 'M-104', 0.02, 42.84, '2021-07-27 14:55:43', '2021-07-27 14:55:43', 106),
(105, 'M-105', 0.02, 42.84, '2021-07-27 14:55:44', '2021-07-27 14:55:44', 107),
(106, 'M-106', 0.02, 42.84, '2021-07-27 14:55:46', '2021-07-27 14:55:46', 108),
(107, 'M-107', 0.02, 42.84, '2021-07-27 14:55:52', '2021-07-27 14:55:52', 109),
(108, 'M-108', 0.02, 42.84, '2021-07-27 14:55:54', '2021-07-27 14:55:54', 110),
(109, 'M-109', 0.02, 42.84, '2021-07-27 14:56:01', '2021-07-27 14:56:01', 111),
(110, 'M-110', 0.02, 42.84, '2021-07-27 14:56:03', '2021-07-27 14:56:03', 112),
(111, 'M-111', 0, 42.84, '2021-07-27 14:56:09', '2021-07-27 14:56:09', 113),
(112, 'M-112', 0, 42.84, '2021-07-27 14:56:13', '2021-07-27 14:56:13', 114),
(113, 'M-113', 0.02, 42.84, '2021-07-27 14:56:15', '2021-07-27 14:56:15', 115),
(114, 'M-114', 0.02, 42.84, '2021-07-27 14:56:18', '2021-07-27 14:56:18', 116),
(115, 'M-115', 0.04, 42.84, '2021-07-27 14:56:20', '2021-07-27 14:56:20', 117),
(116, 'M-116', 0.02, 42.84, '2021-07-27 14:56:21', '2021-07-27 14:56:21', 118),
(117, 'M-117', 0.02, 42.84, '2021-07-27 14:56:24', '2021-07-27 14:56:24', 119),
(118, 'M-118', 0, 42.84, '2021-07-27 14:56:26', '2021-07-27 14:56:26', 120),
(119, 'M-119', 0.02, 42.84, '2021-07-27 14:56:28', '2021-07-27 14:56:28', 121),
(120, 'M-120', 0.02, 42.84, '2021-07-27 14:56:30', '2021-07-27 14:56:30', 122),
(121, 'M-121', 0.02, 42.84, '2021-07-27 14:56:31', '2021-07-27 14:56:31', 123),
(122, 'M-122', 0.02, 42.84, '2021-07-27 14:56:33', '2021-07-27 14:56:33', 124),
(123, 'M-123', 0.02, 42.84, '2021-07-27 14:56:35', '2021-07-27 14:56:35', 125),
(124, 'M-124', 0.02, 42.84, '2021-07-27 14:56:36', '2021-07-27 14:56:36', 126),
(125, 'M-125', 0.02, 42.84, '2021-07-27 14:56:38', '2021-07-27 14:56:38', 127),
(126, 'M-126', 0.09, 42.84, '2021-07-27 14:56:40', '2021-07-27 14:56:40', 128),
(127, 'M-127', 0.04, 42.84, '2021-07-27 14:56:41', '2021-07-27 14:56:41', 129),
(128, 'M-128', 0, 42.84, '2021-07-27 14:56:43', '2021-07-27 14:56:43', 130),
(129, 'M-129', 0.02, 42.84, '2021-07-27 14:56:45', '2021-07-27 14:56:45', 131),
(130, 'M-130', 0.02, 42.84, '2021-07-27 14:56:46', '2021-07-27 14:56:46', 132),
(131, 'M-131', 0, 42.84, '2021-07-27 14:56:48', '2021-07-27 14:56:48', 133),
(132, 'M-132', 0.02, 42.84, '2021-07-27 14:56:50', '2021-07-27 14:56:50', 134),
(133, 'M-133', 0.02, 42.84, '2021-07-27 14:56:51', '2021-07-27 14:56:51', 135),
(134, 'M-134', 0.02, 42.84, '2021-07-27 14:56:57', '2021-07-27 14:56:57', 136),
(135, 'M-135', 0.02, 42.84, '2021-07-27 14:56:59', '2021-07-27 14:56:59', 137),
(136, 'M-136', 0.02, 42.84, '2021-07-27 14:57:02', '2021-07-27 14:57:02', 138),
(137, 'M-137', 0.04, 42.84, '2021-07-27 14:57:04', '2021-07-27 14:57:04', 139),
(138, 'M-138', 0.04, 42.84, '2021-07-27 14:57:07', '2021-07-27 14:57:07', 140),
(139, 'M-139', 0.31, 42.84, '2021-07-27 14:57:09', '2021-07-27 14:57:09', 141),
(140, 'M-140', 0.02, 42.84, '2021-07-27 14:57:14', '2021-07-27 14:57:14', 142),
(141, 'M-141', 0.02, 42.84, '2021-07-27 14:57:15', '2021-07-27 14:57:15', 143),
(142, 'M-142', 0.02, 42.84, '2021-07-27 14:57:17', '2021-07-27 14:57:17', 144),
(143, 'M-143', 0.02, 42.84, '2021-07-27 14:57:19', '2021-07-27 14:57:19', 145),
(144, 'M-144', 0.02, 42.84, '2021-07-27 14:57:20', '2021-07-27 14:57:20', 146),
(145, 'M-145', 0.04, 42.84, '2021-07-27 14:57:22', '2021-07-27 14:57:22', 147),
(146, 'M-146', 0, 42.84, '2021-07-27 14:57:23', '2021-07-27 14:57:23', 148),
(147, 'M-147', 0.02, 42.84, '2021-07-27 14:57:25', '2021-07-27 14:57:25', 149),
(148, 'M-148', 0.14, 42.84, '2021-07-27 14:57:28', '2021-07-27 14:57:28', 150),
(149, 'M-149', 0.19, 42.84, '2021-07-27 14:57:30', '2021-07-27 14:57:30', 151),
(150, 'M-150', 6.67, 42.84, '2021-07-27 14:57:31', '2021-07-27 14:57:31', 152),
(151, 'M-151', 6.59, 42.84, '2021-07-27 14:57:33', '2021-07-27 14:57:33', 153),
(152, 'M-152', 6.64, 42.84, '2021-07-27 14:57:35', '2021-07-27 14:57:35', 154),
(153, 'M-153', 0.02, 42.84, '2021-07-27 14:57:36', '2021-07-27 14:57:36', 155),
(154, 'M-154', 0.02, 42.84, '2021-07-27 14:57:38', '2021-07-27 14:57:38', 156),
(155, 'M-155', 0, 42.84, '2021-07-27 14:57:40', '2021-07-27 14:57:40', 157),
(156, 'M-156', 0.07, 42.84, '2021-07-27 14:57:43', '2021-07-27 14:57:43', 158),
(157, 'M-157', 6.64, 42.84, '2021-07-27 14:57:44', '2021-07-27 14:57:44', 159),
(158, 'M-158', 6.67, 42.84, '2021-07-27 14:57:47', '2021-07-27 14:57:47', 160),
(159, 'M-159', 6.64, 42.84, '2021-07-27 14:57:49', '2021-07-27 14:57:49', 161),
(160, 'M-160', 6.64, 42.84, '2021-07-27 14:57:52', '2021-07-27 14:57:52', 162),
(161, 'M-161', 6.67, 42.84, '2021-07-27 14:57:54', '2021-07-27 14:57:54', 163),
(162, 'M-162', 6.67, 42.84, '2021-07-27 14:57:57', '2021-07-27 14:57:57', 164),
(163, 'M-163', 6.64, 42.84, '2021-07-27 14:57:59', '2021-07-27 14:57:59', 165),
(164, 'M-164', 6.64, 42.84, '2021-07-27 14:58:02', '2021-07-27 14:58:02', 166),
(165, 'M-165', 6.64, 42.84, '2021-07-27 14:58:04', '2021-07-27 14:58:04', 167),
(166, 'M-166', 6.64, 42.84, '2021-07-27 14:58:07', '2021-07-27 14:58:07', 168),
(167, 'M-167', 6.64, 42.84, '2021-07-27 14:58:09', '2021-07-27 14:58:09', 169),
(168, 'M-168', 6.32, 42.84, '2021-07-27 14:58:12', '2021-07-27 14:58:12', 170),
(169, 'M-169', 6.64, 42.84, '2021-07-27 14:58:14', '2021-07-27 14:58:14', 171),
(170, 'M-170', 6.13, 42.84, '2021-07-27 14:58:17', '2021-07-27 14:58:17', 172),
(171, 'M-171', 1.53, 42.84, '2021-07-27 14:58:19', '2021-07-27 14:58:19', 173),
(172, 'M-172', 1.51, 42.84, '2021-07-27 14:58:22', '2021-07-27 14:58:22', 174),
(173, 'M-173', 1.51, 42.84, '2021-07-27 14:58:28', '2021-07-27 14:58:28', 175),
(174, 'M-174', 1.51, 42.84, '2021-07-27 14:58:29', '2021-07-27 14:58:29', 176),
(175, 'M-175', 1.51, 42.84, '2021-07-27 14:58:33', '2021-07-27 14:58:33', 177),
(176, 'M-176', 1.49, 42.84, '2021-07-27 14:58:38', '2021-07-27 14:58:38', 178),
(177, 'M-177', 1.49, 42.84, '2021-07-27 14:58:40', '2021-07-27 14:58:40', 179),
(178, 'M-178', 1.51, 42.84, '2021-07-27 14:58:43', '2021-07-27 14:58:43', 180),
(179, 'M-179', 1.51, 42.84, '2021-07-27 14:58:48', '2021-07-27 14:58:48', 181),
(180, 'M-180', 1.49, 42.84, '2021-07-27 15:01:19', '2021-07-27 15:01:19', 182),
(181, 'M-181', 1.46, 42.84, '2021-07-27 15:01:25', '2021-07-27 15:01:25', 184),
(182, 'M-182', 1.51, 42.84, '2021-07-27 15:01:30', '2021-07-27 15:01:30', 187),
(183, 'M-183', 1.49, 42.84, '2021-07-27 15:01:31', '2021-07-27 15:01:31', 188),
(184, 'M-184', 1.51, 42.84, '2021-07-27 15:01:34', '2021-07-27 15:01:34', 189),
(185, 'M-185', 1.51, 42.84, '2021-07-27 15:01:38', '2021-07-27 15:01:38', 191),
(186, 'M-186', 1.49, 42.84, '2021-07-27 15:01:39', '2021-07-27 15:01:39', 192),
(187, 'M-187', 1.49, 42.84, '2021-07-27 15:01:41', '2021-07-27 15:01:41', 194),
(188, 'M-188', 1.63, 42.84, '2021-07-27 15:01:44', '2021-07-27 15:01:44', 195),
(189, 'M-189', 0.02, 42.84, '2021-07-27 15:01:46', '2021-07-27 15:01:46', 196),
(190, 'M-190', 0.02, 42.84, '2021-07-27 15:01:48', '2021-07-27 15:01:48', 198),
(191, 'M-191', 3.07, 42.84, '2021-07-27 15:01:50', '2021-07-27 15:01:50', 199),
(192, 'M-192', 3.29, 42.84, '2021-07-27 15:01:54', '2021-07-27 15:01:54', 201),
(193, 'M-193', 3.27, 42.84, '2021-07-27 15:01:56', '2021-07-27 15:01:56', 203),
(194, 'M-194', 3.27, 42.84, '2021-07-27 15:01:58', '2021-07-27 15:01:58', 205),
(195, 'M-195', 3.27, 42.84, '2021-07-27 15:02:00', '2021-07-27 15:02:00', 207),
(196, 'M-196', 3.27, 42.84, '2021-07-27 15:02:04', '2021-07-27 15:02:04', 209),
(197, 'M-197', 3.27, 42.84, '2021-07-27 15:02:06', '2021-07-27 15:02:06', 210),
(198, 'M-198', 3.27, 42.84, '2021-07-27 15:02:11', '2021-07-27 15:02:11', 212),
(199, 'M-199', 3.27, 42.84, '2021-07-27 15:02:15', '2021-07-27 15:02:15', 215),
(200, 'M-200', 3.27, 42.84, '2021-07-27 15:02:20', '2021-07-27 15:02:20', 218),
(201, 'M-201', 3.27, 42.84, '2021-07-27 15:02:24', '2021-07-27 15:02:24', 220),
(202, 'M-202', 3.27, 42.84, '2021-07-27 15:02:26', '2021-07-27 15:02:26', 222),
(203, 'M-203', 3.29, 42.84, '2021-07-27 15:02:30', '2021-07-27 15:02:30', 225),
(204, 'M-204', 3.27, 42.84, '2021-07-27 15:02:34', '2021-07-27 15:02:34', 228),
(205, 'M-205', 3.27, 42.84, '2021-07-27 15:02:36', '2021-07-27 15:02:36', 230),
(206, 'M-206', 3.29, 42.84, '2021-07-27 15:02:39', '2021-07-27 15:02:39', 231),
(207, 'M-207', 3.29, 42.84, '2021-07-27 15:02:41', '2021-07-27 15:02:41', 233),
(208, 'M-208', 3.27, 45.9, '2021-07-27 15:02:45', '2021-07-27 15:02:45', 236),
(209, 'M-209', 3.27, 45.9, '2021-07-27 15:02:49', '2021-07-27 15:02:49', 238),
(210, 'M-210', 3.27, 45.9, '2021-07-27 15:02:51', '2021-07-27 15:02:51', 240),
(211, 'M-211', 3.29, 45.9, '2021-07-27 15:02:53', '2021-07-27 15:02:53', 241),
(212, 'M-212', 3.29, 45.9, '2021-07-27 15:02:55', '2021-07-27 15:02:55', 243),
(213, 'M-213', 3.27, 45.9, '2021-07-27 15:02:59', '2021-07-27 15:02:59', 245),
(214, 'M-214', 3.29, 45.9, '2021-07-27 15:03:01', '2021-07-27 15:03:01', 247),
(215, 'M-215', 3.25, 45.9, '2021-07-27 15:03:04', '2021-07-27 15:03:04', 248),
(216, 'M-216', 3.27, 45.9, '2021-07-27 15:03:06', '2021-07-27 15:03:06', 250),
(217, 'M-217', 3.27, 45.9, '2021-07-27 15:03:08', '2021-07-27 15:03:08', 252),
(218, 'M-218', 3.27, 45.9, '2021-07-27 15:03:10', '2021-07-27 15:03:10', 253),
(219, 'M-219', 3.27, 45.9, '2021-07-27 15:03:14', '2021-07-27 15:03:14', 255),
(220, 'M-220', 3.29, 42.84, '2021-07-27 15:03:16', '2021-07-27 15:03:16', 256),
(221, 'M-221', 3.29, 42.84, '2021-07-27 15:03:18', '2021-07-27 15:03:18', 258),
(222, 'M-222', 3.27, 42.84, '2021-07-27 15:03:20', '2021-07-27 15:03:20', 260),
(223, 'M-223', 3.27, 42.84, '2021-07-27 15:03:24', '2021-07-27 15:03:24', 261),
(224, 'M-224', 3.27, 42.84, '2021-07-27 15:03:26', '2021-07-27 15:03:26', 263),
(225, 'M-225', 3.27, 42.84, '2021-07-27 15:03:28', '2021-07-27 15:03:28', 265),
(226, 'M-226', 3.29, 45.9, '2021-07-27 15:03:30', '2021-07-27 15:03:30', 267),
(227, 'M-227', 3.29, 42.84, '2021-07-27 15:03:35', '2021-07-27 15:03:35', 270),
(228, 'M-228', 3.27, 42.84, '2021-07-27 15:03:37', '2021-07-27 15:03:37', 272),
(229, 'M-229', 3.27, 30.6, '2021-07-27 15:03:39', '2021-07-27 15:03:39', 273),
(230, 'M-230', 3.27, 45.9, '2021-07-27 15:03:41', '2021-07-27 15:03:41', 275),
(231, 'M-231', 3.27, 45.9, '2021-07-27 15:03:43', '2021-07-27 15:03:43', 276),
(232, 'M-232', 3.27, 45.9, '2021-07-27 15:03:45', '2021-07-27 15:03:45', 278),
(233, 'M-233', 3.27, 45.9, '2021-07-27 15:03:51', '2021-07-27 15:03:51', 281),
(234, 'M-234', 3.27, 45.9, '2021-07-27 15:03:53', '2021-07-27 15:03:53', 283),
(235, 'M-235', 3.27, 45.9, '2021-07-27 15:03:55', '2021-07-27 15:03:55', 285),
(236, 'M-236', 3.27, 45.9, '2021-07-27 15:03:59', '2021-07-27 15:03:59', 287),
(237, 'M-237', 5.2, 45.9, '2021-07-27 15:04:01', '2021-07-27 15:04:01', 289),
(238, 'M-238', 9.13, 45.9, '2021-07-27 15:04:05', '2021-07-27 15:04:05', 291),
(239, 'M-239', 9.16, 45.9, '2021-07-27 15:04:09', '2021-07-27 15:04:09', 293),
(240, 'M-240', 9.16, 45.9, '2021-07-27 15:04:11', '2021-07-27 15:04:11', 295),
(241, 'M-241', 9.16, 45.9, '2021-07-27 15:04:16', '2021-07-27 15:04:16', 297),
(242, 'M-242', 9.13, 45.9, '2021-07-27 15:04:20', '2021-07-27 15:04:20', 299),
(243, 'M-243', 9.13, 45.9, '2021-07-27 15:04:22', '2021-07-27 15:04:22', 301),
(244, 'M-244', 9.13, 45.9, '2021-07-27 15:04:24', '2021-07-27 15:04:24', 302),
(245, 'M-245', 9.13, 45.9, '2021-07-27 15:04:27', '2021-07-27 15:04:27', 304),
(246, 'M-246', 9.13, 45.9, '2021-07-27 15:04:29', '2021-07-27 15:04:29', 305),
(247, 'M-247', 9.16, 45.9, '2021-07-27 15:04:31', '2021-07-27 15:04:31', 307),
(248, 'M-248', 9.11, 45.9, '2021-07-27 15:04:34', '2021-07-27 15:04:34', 309),
(249, 'M-249', 9.16, 45.9, '2021-07-27 15:04:36', '2021-07-27 15:04:36', 311),
(250, 'M-250', 9.16, 45.9, '2021-07-27 15:04:39', '2021-07-27 15:04:39', 313),
(251, 'M-251', 9.16, 45.9, '2021-07-27 15:04:41', '2021-07-27 15:04:41', 315),
(252, 'M-252', 9.11, 45.9, '2021-07-27 15:04:45', '2021-07-27 15:04:45', 318),
(253, 'M-253', 9.13, 45.9, '2021-07-27 15:04:49', '2021-07-27 15:04:49', 320),
(254, 'M-254', 9.18, 45.9, '2021-07-27 15:04:51', '2021-07-27 15:04:51', 322),
(255, 'M-255', 9.16, 45.9, '2021-07-27 15:04:55', '2021-07-27 15:04:55', 325),
(256, 'M-256', 9.13, 45.9, '2021-07-27 15:05:00', '2021-07-27 15:05:00', 328),
(257, 'M-257', 9.13, 45.9, '2021-07-27 15:05:02', '2021-07-27 15:05:02', 330),
(258, 'M-258', 9.13, 45.9, '2021-07-27 15:05:04', '2021-07-27 15:05:04', 331),
(259, 'M-259', 9.13, 45.9, '2021-07-27 15:05:06', '2021-07-27 15:05:06', 333),
(260, 'M-260', 9.13, 45.9, '2021-07-27 15:05:10', '2021-07-27 15:05:10', 335),
(261, 'M-261', 9.16, 45.9, '2021-07-27 15:05:12', '2021-07-27 15:05:12', 337),
(262, 'M-262', 9.18, 45.9, '2021-07-27 15:05:15', '2021-07-27 15:05:15', 338),
(263, 'M-263', 9.16, 45.9, '2021-07-27 15:05:17', '2021-07-27 15:05:17', 340),
(264, 'M-264', 9.18, 45.9, '2021-07-27 15:05:19', '2021-07-27 15:05:19', 341),
(265, 'M-265', 9.16, 45.9, '2021-07-27 15:05:21', '2021-07-27 15:05:21', 343),
(266, 'M-266', 9.16, 45.9, '2021-07-27 15:05:25', '2021-07-27 15:05:25', 346),
(267, 'M-267', 9.13, 45.9, '2021-07-27 15:05:30', '2021-07-27 15:05:30', 349),
(268, 'M-268', 9.13, 45.9, '2021-07-27 15:05:32', '2021-07-27 15:05:32', 351),
(269, 'M-269', 9.13, 45.9, '2021-07-27 15:05:34', '2021-07-27 15:05:34', 352),
(270, 'M-270', 9.16, 45.9, '2021-07-27 15:05:40', '2021-07-27 15:05:40', 355),
(271, 'M-271', 9.13, 42.84, '2021-07-27 15:05:42', '2021-07-27 15:05:42', 357),
(272, 'M-272', 9.13, 42.84, '2021-07-27 15:05:44', '2021-07-27 15:05:44', 358),
(273, 'M-273', 9.16, 42.84, '2021-07-27 15:05:46', '2021-07-27 15:05:46', 360),
(274, 'M-274', 9.18, 45.9, '2021-07-27 15:05:50', '2021-07-27 15:05:50', 363),
(275, 'M-275', 9.16, 45.9, '2021-07-27 15:05:55', '2021-07-27 15:05:55', 366),
(276, 'M-276', 9.09, 45.9, '2021-07-27 15:06:05', '2021-07-27 15:06:05', 370),
(277, 'M-277', 1.56, 45.9, '2021-07-27 15:06:07', '2021-07-27 15:06:07', 372),
(278, 'M-278', 0.02, 45.9, '2021-07-27 15:06:09', '2021-07-27 15:06:09', 373),
(279, 'M-279', 0.02, 45.9, '2021-07-27 15:06:12', '2021-07-27 15:06:12', 375),
(280, 'M-280', 0.02, 45.9, '2021-07-27 15:06:14', '2021-07-27 15:06:14', 377),
(281, 'M-281', 0.02, 45.9, '2021-07-27 15:06:20', '2021-07-27 15:06:20', 379),
(282, 'M-282', 0.02, 45.9, '2021-07-27 15:06:22', '2021-07-27 15:06:22', 381),
(283, 'M-283', 3.22, 45.9, '2021-07-27 15:06:24', '2021-07-27 15:06:24', 382),
(284, 'M-284', 3.25, 45.9, '2021-07-27 15:06:26', '2021-07-27 15:06:26', 384),
(285, 'M-285', 3.25, 45.9, '2021-07-27 15:06:29', '2021-07-27 15:06:29', 386),
(286, 'M-286', 3.25, 45.9, '2021-07-27 15:06:30', '2021-07-27 15:06:30', 387),
(287, 'M-287', 3.22, 45.9, '2021-07-27 15:06:34', '2021-07-27 15:06:34', 389),
(288, 'M-288', 3.25, 45.9, '2021-07-27 15:06:37', '2021-07-27 15:06:37', 391),
(289, 'M-289', 3.22, 45.9, '2021-07-27 15:06:38', '2021-07-27 15:06:38', 392),
(290, 'M-290', 3.22, 45.9, '2021-07-27 15:06:41', '2021-07-27 15:06:41', 394),
(291, 'M-291', 3.25, 45.9, '2021-07-27 15:06:45', '2021-07-27 15:06:45', 397),
(292, 'M-292', 3.22, 45.9, '2021-07-27 15:06:50', '2021-07-27 15:06:50', 399),
(293, 'M-293', 3.22, 45.9, '2021-07-27 15:06:52', '2021-07-27 15:06:52', 401),
(294, 'M-294', 3.25, 45.9, '2021-07-27 15:06:54', '2021-07-27 15:06:54', 402),
(295, 'M-295', 3.22, 45.9, '2021-07-27 15:06:57', '2021-07-27 15:06:57', 404),
(296, 'M-296', 3.22, 45.9, '2021-07-27 15:07:01', '2021-07-27 15:07:01', 406),
(297, 'M-297', 3.25, 45.9, '2021-07-27 15:07:03', '2021-07-27 15:07:03', 408),
(298, 'M-298', 3.22, 45.9, '2021-07-27 15:07:05', '2021-07-27 15:07:05', 409),
(299, 'M-299', 3.22, 45.9, '2021-07-27 15:07:09', '2021-07-27 15:07:09', 411),
(300, 'M-300', 3.22, 45.9, '2021-07-27 15:07:11', '2021-07-27 15:07:11', 413),
(301, 'M-301', 3.42, 45.9, '2021-07-27 15:07:16', '2021-07-27 15:07:16', 416),
(302, 'M-302', 3.44, 45.9, '2021-07-27 15:07:20', '2021-07-27 15:07:20', 419),
(303, 'M-303', 3.42, 45.9, '2021-07-27 15:07:22', '2021-07-27 15:07:22', 421),
(304, 'M-304', 3.42, 45.9, '2021-07-27 15:07:25', '2021-07-27 15:07:25', 422),
(305, 'M-305', 3.42, 45.9, '2021-07-27 15:07:26', '2021-07-27 15:07:26', 423),
(306, 'M-306', 3.44, 45.9, '2021-07-27 15:07:30', '2021-07-27 15:07:30', 425),
(307, 'M-307', 3.42, 45.9, '2021-07-27 15:07:32', '2021-07-27 15:07:32', 426),
(308, 'M-308', 3.42, 45.9, '2021-07-27 15:07:34', '2021-07-27 15:07:34', 428),
(309, 'M-309', 3.42, 45.9, '2021-07-27 15:07:36', '2021-07-27 15:07:36', 430),
(310, 'M-310', 3.42, 45.9, '2021-07-27 15:07:43', '2021-07-27 15:07:43', 433),
(311, 'M-311', 3.44, 45.9, '2021-07-27 15:07:45', '2021-07-27 15:07:45', 434),
(312, 'M-312', 3.42, 45.9, '2021-07-27 15:07:52', '2021-07-27 15:07:52', 437),
(313, 'M-313', 3.42, 45.9, '2021-07-27 15:07:54', '2021-07-27 15:07:54', 438),
(314, 'M-314', 3.42, 45.9, '2021-07-27 15:07:57', '2021-07-27 15:07:57', 440),
(315, 'M-315', 3.42, 45.9, '2021-07-27 15:08:00', '2021-07-27 15:08:00', 441),
(316, 'M-316', 3.42, 45.9, '2021-07-27 15:08:02', '2021-07-27 15:08:02', 442),
(317, 'M-317', 3.42, 45.9, '2021-07-27 15:08:04', '2021-07-27 15:08:04', 444),
(318, 'M-318', 3.42, 45.9, '2021-07-27 15:08:06', '2021-07-27 15:08:06', 446),
(319, 'M-319', 3.42, 45.9, '2021-07-27 15:08:10', '2021-07-27 15:08:10', 449),
(320, 'M-320', 3.44, 45.9, '2021-07-27 15:08:15', '2021-07-27 15:08:15', 451),
(321, 'M-321', 3.44, 45.9, '2021-07-27 15:08:20', '2021-07-27 15:08:20', 453);

-- --------------------------------------------------------

--
-- Table structure for table `m_wind_data`
--

CREATE TABLE `m_wind_data` (
  `id` bigint(20) UNSIGNED NOT NULL,
  `data_id` varchar(10) COLLATE utf8mb4_unicode_ci NOT NULL,
  `voltage` double NOT NULL,
  `wind_speed` double NOT NULL,
  `created_at` timestamp NULL DEFAULT NULL,
  `updated_at` timestamp NULL DEFAULT NULL,
  `main_data_id` bigint(20) UNSIGNED NOT NULL
) ENGINE=InnoDB DEFAULT CHARSET=utf8mb4 COLLATE=utf8mb4_unicode_ci;

--
-- Dumping data for table `m_wind_data`
--

INSERT INTO `m_wind_data` (`id`, `data_id`, `voltage`, `wind_speed`, `created_at`, `updated_at`, `main_data_id`) VALUES
(1, 'A-1', 5.3, 0, '2021-07-27 15:01:20', '2021-07-27 15:01:20', 183),
(2, 'A-2', 5.3, 0, '2021-07-27 15:01:25', '2021-07-27 15:01:25', 185),
(3, 'A-3', 5.44, 0, '2021-07-27 15:01:28', '2021-07-27 15:01:28', 186),
(4, 'A-4', 5.47, 0, '2021-07-27 15:01:34', '2021-07-27 15:01:34', 190),
(5, 'A-5', 5.44, 0, '2021-07-27 15:01:40', '2021-07-27 15:01:40', 193),
(6, 'A-6', 5.44, 0, '2021-07-27 15:01:46', '2021-07-27 15:01:46', 197),
(7, 'A-7', 5.57, 0, '2021-07-27 15:01:50', '2021-07-27 15:01:50', 200),
(8, 'A-8', 0.02, 0, '2021-07-27 15:01:54', '2021-07-27 15:01:54', 202),
(9, 'A-9', 0.02, 0, '2021-07-27 15:01:56', '2021-07-27 15:01:56', 204),
(10, 'A-10', 0.02, 0, '2021-07-27 15:01:58', '2021-07-27 15:01:58', 206),
(11, 'A-11', 1.36, 0, '2021-07-27 15:02:01', '2021-07-27 15:02:01', 208),
(12, 'A-12', 1.63, 0, '2021-07-27 15:02:06', '2021-07-27 15:02:06', 211),
(13, 'A-13', 1.63, 0, '2021-07-27 15:02:11', '2021-07-27 15:02:11', 213),
(14, 'A-14', 1.66, 0, '2021-07-27 15:02:13', '2021-07-27 15:02:13', 214),
(15, 'A-15', 1.63, 0, '2021-07-27 15:02:15', '2021-07-27 15:02:15', 216),
(16, 'A-16', 1.63, 0, '2021-07-27 15:02:17', '2021-07-27 15:02:17', 217),
(17, 'A-17', 1.63, 0, '2021-07-27 15:02:20', '2021-07-27 15:02:20', 219),
(18, 'A-18', 1.63, 0, '2021-07-27 15:02:24', '2021-07-27 15:02:24', 221),
(19, 'A-19', 1.66, 0, '2021-07-27 15:02:27', '2021-07-27 15:02:27', 223),
(20, 'A-20', 1.63, 0, '2021-07-27 15:02:28', '2021-07-27 15:02:28', 224),
(21, 'A-21', 1.63, 0, '2021-07-27 15:02:30', '2021-07-27 15:02:30', 226),
(22, 'A-22', 1.63, 0, '2021-07-27 15:02:33', '2021-07-27 15:02:33', 227),
(23, 'A-23', 1.63, 0, '2021-07-27 15:02:35', '2021-07-27 15:02:35', 229),
(24, 'A-24', 1.63, 0, '2021-07-27 15:02:39', '2021-07-27 15:02:39', 232),
(25, 'A-25', 1.63, 0, '2021-07-27 15:02:41', '2021-07-27 15:02:41', 234),
(26, 'A-26', 1.63, 0, '2021-07-27 15:02:43', '2021-07-27 15:02:43', 235),
(27, 'A-27', 1.63, 0, '2021-07-27 15:02:45', '2021-07-27 15:02:45', 237),
(28, 'A-28', 1.63, 0, '2021-07-27 15:02:49', '2021-07-27 15:02:49', 239),
(29, 'A-29', 1.63, 0, '2021-07-27 15:02:53', '2021-07-27 15:02:53', 242),
(30, 'A-30', 1.63, 0, '2021-07-27 15:02:58', '2021-07-27 15:02:58', 244),
(31, 'A-31', 1.63, 0, '2021-07-27 15:03:00', '2021-07-27 15:03:00', 246),
(32, 'A-32', 1.63, 0, '2021-07-27 15:03:04', '2021-07-27 15:03:04', 249),
(33, 'A-33', 1.63, 0, '2021-07-27 15:03:06', '2021-07-27 15:03:06', 251),
(34, 'A-34', 1.63, 0, '2021-07-27 15:03:10', '2021-07-27 15:03:10', 254),
(35, 'A-35', 1.66, 0, '2021-07-27 15:03:16', '2021-07-27 15:03:16', 257),
(36, 'A-36', 1.66, 0, '2021-07-27 15:03:19', '2021-07-27 15:03:19', 259),
(37, 'A-37', 1.63, 0, '2021-07-27 15:03:24', '2021-07-27 15:03:24', 262),
(38, 'A-38', 1.63, 0, '2021-07-27 15:03:27', '2021-07-27 15:03:27', 264),
(39, 'A-39', 1.66, 0, '2021-07-27 15:03:29', '2021-07-27 15:03:29', 266),
(40, 'A-40', 1.66, 0, '2021-07-27 15:03:31', '2021-07-27 15:03:31', 268),
(41, 'A-41', 1.63, 0, '2021-07-27 15:03:33', '2021-07-27 15:03:33', 269),
(42, 'A-42', 1.66, 0, '2021-07-27 15:03:35', '2021-07-27 15:03:35', 271),
(43, 'A-43', 1.63, 0, '2021-07-27 15:03:40', '2021-07-27 15:03:40', 274),
(44, 'A-44', 1.63, 0, '2021-07-27 15:03:44', '2021-07-27 15:03:44', 277),
(45, 'A-45', 1.63, 0, '2021-07-27 15:03:46', '2021-07-27 15:03:46', 279),
(46, 'A-46', 1.63, 0, '2021-07-27 15:03:49', '2021-07-27 15:03:49', 280),
(47, 'A-47', 1.63, 0, '2021-07-27 15:03:51', '2021-07-27 15:03:51', 282),
(48, 'A-48', 1.63, 0, '2021-07-27 15:03:54', '2021-07-27 15:03:54', 284),
(49, 'A-49', 1.56, 0, '2021-07-27 15:03:56', '2021-07-27 15:03:56', 286),
(50, 'A-50', 4.64, 0, '2021-07-27 15:04:00', '2021-07-27 15:04:00', 288),
(51, 'A-51', 4.66, 0, '2021-07-27 15:04:02', '2021-07-27 15:04:02', 290),
(52, 'A-52', 4.64, 0, '2021-07-27 15:04:05', '2021-07-27 15:04:05', 292),
(53, 'A-53', 4.64, 0, '2021-07-27 15:04:10', '2021-07-27 15:04:10', 294),
(54, 'A-54', 4.64, 0, '2021-07-27 15:04:12', '2021-07-27 15:04:12', 296),
(55, 'A-55', 4.64, 0, '2021-07-27 15:04:17', '2021-07-27 15:04:17', 298),
(56, 'A-56', 4.64, 0, '2021-07-27 15:04:20', '2021-07-27 15:04:20', 300),
(57, 'A-57', 4.64, 0, '2021-07-27 15:04:25', '2021-07-27 15:04:25', 303),
(58, 'A-58', 4.64, 0, '2021-07-27 15:04:29', '2021-07-27 15:04:29', 306),
(59, 'A-59', 4.64, 0, '2021-07-27 15:04:32', '2021-07-27 15:04:32', 308),
(60, 'A-60', 4.64, 0, '2021-07-27 15:04:34', '2021-07-27 15:04:34', 310),
(61, 'A-61', 4.64, 0, '2021-07-27 15:04:36', '2021-07-27 15:04:36', 312),
(62, 'A-62', 4.64, 0, '2021-07-27 15:04:40', '2021-07-27 15:04:40', 314),
(63, 'A-63', 4.64, 0, '2021-07-27 15:04:42', '2021-07-27 15:04:42', 316),
(64, 'A-64', 4.64, 0, '2021-07-27 15:04:44', '2021-07-27 15:04:44', 317),
(65, 'A-65', 4.64, 0, '2021-07-27 15:04:46', '2021-07-27 15:04:46', 319),
(66, 'A-66', 4.61, 0, '2021-07-27 15:04:50', '2021-07-27 15:04:50', 321),
(67, 'A-67', 4.66, 0, '2021-07-27 15:04:52', '2021-07-27 15:04:52', 323),
(68, 'A-68', 4.64, 0, '2021-07-27 15:04:54', '2021-07-27 15:04:54', 324),
(69, 'A-69', 4.64, 0, '2021-07-27 15:04:56', '2021-07-27 15:04:56', 326),
(70, 'A-70', 4.64, 0, '2021-07-27 15:04:58', '2021-07-27 15:04:58', 327),
(71, 'A-71', 4.64, 0, '2021-07-27 15:05:00', '2021-07-27 15:05:00', 329),
(72, 'A-72', 4.64, 0, '2021-07-27 15:05:05', '2021-07-27 15:05:05', 332),
(73, 'A-73', 4.64, 0, '2021-07-27 15:05:07', '2021-07-27 15:05:07', 334),
(74, 'A-74', 4.64, 0, '2021-07-27 15:05:10', '2021-07-27 15:05:10', 336),
(75, 'A-75', 4.64, 0, '2021-07-27 15:05:15', '2021-07-27 15:05:15', 339),
(76, 'A-76', 4.66, 0, '2021-07-27 15:05:20', '2021-07-27 15:05:20', 342),
(77, 'A-77', 4.64, 0, '2021-07-27 15:05:22', '2021-07-27 15:05:22', 344),
(78, 'A-78', 4.64, 0, '2021-07-27 15:05:23', '2021-07-27 15:05:23', 345),
(79, 'A-79', 4.64, 0, '2021-07-27 15:05:25', '2021-07-27 15:05:25', 347),
(80, 'A-80', 4.64, 0, '2021-07-27 15:05:28', '2021-07-27 15:05:28', 348),
(81, 'A-81', 4.64, 0, '2021-07-27 15:05:30', '2021-07-27 15:05:30', 350),
(82, 'A-82', 4.64, 0, '2021-07-27 15:05:36', '2021-07-27 15:05:36', 353),
(83, 'A-83', 4.64, 0, '2021-07-27 15:05:38', '2021-07-27 15:05:38', 354),
(84, 'A-84', 4.64, 0, '2021-07-27 15:05:40', '2021-07-27 15:05:40', 356),
(85, 'A-85', 4.64, 0, '2021-07-27 15:05:45', '2021-07-27 15:05:45', 359),
(86, 'A-86', 4.66, 0, '2021-07-27 15:05:47', '2021-07-27 15:05:47', 361),
(87, 'A-87', 4.64, 0, '2021-07-27 15:05:49', '2021-07-27 15:05:49', 362),
(88, 'A-88', 4.66, 0, '2021-07-27 15:05:51', '2021-07-27 15:05:51', 364),
(89, 'A-89', 4.64, 0, '2021-07-27 15:05:53', '2021-07-27 15:05:53', 365),
(90, 'A-90', 4.64, 0, '2021-07-27 15:05:55', '2021-07-27 15:05:55', 367),
(91, 'A-91', 4.66, 0, '2021-07-27 15:05:57', '2021-07-27 15:05:57', 368),
(92, 'A-92', 4.64, 0, '2021-07-27 15:06:00', '2021-07-27 15:06:00', 369),
(93, 'A-93', 4.64, 0, '2021-07-27 15:06:05', '2021-07-27 15:06:05', 371),
(94, 'A-94', 4.64, 0, '2021-07-27 15:06:10', '2021-07-27 15:06:10', 374),
(95, 'A-95', 4.64, 0, '2021-07-27 15:06:12', '2021-07-27 15:06:12', 376),
(96, 'A-96', 4.66, 0, '2021-07-27 15:06:16', '2021-07-27 15:06:16', 378),
(97, 'A-97', 4.66, 0, '2021-07-27 15:06:20', '2021-07-27 15:06:20', 380),
(98, 'A-98', 4.64, 0, '2021-07-27 15:06:25', '2021-07-27 15:06:25', 383),
(99, 'A-99', 4.66, 0, '2021-07-27 15:06:27', '2021-07-27 15:06:27', 385),
(100, 'A-100', 4.66, 0, '2021-07-27 15:06:31', '2021-07-27 15:06:31', 388),
(101, 'A-101', 4.64, 0, '2021-07-27 15:06:35', '2021-07-27 15:06:35', 390),
(102, 'A-102', 4.66, 0, '2021-07-27 15:06:39', '2021-07-27 15:06:39', 393),
(103, 'A-103', 4.66, 0, '2021-07-27 15:06:41', '2021-07-27 15:06:41', 395),
(104, 'A-104', 4.66, 0, '2021-07-27 15:06:43', '2021-07-27 15:06:43', 396),
(105, 'A-105', 4.66, 0, '2021-07-27 15:06:45', '2021-07-27 15:06:45', 398),
(106, 'A-106', 4.66, 0, '2021-07-27 15:06:50', '2021-07-27 15:06:50', 400),
(107, 'A-107', 4.66, 0, '2021-07-27 15:06:55', '2021-07-27 15:06:55', 403),
(108, 'A-108', 4.64, 0, '2021-07-27 15:06:59', '2021-07-27 15:06:59', 405),
(109, 'A-109', 4.64, 0, '2021-07-27 15:07:02', '2021-07-27 15:07:02', 407),
(110, 'A-110', 4.69, 0, '2021-07-27 15:07:06', '2021-07-27 15:07:06', 410),
(111, 'A-111', 4.69, 0, '2021-07-27 15:07:10', '2021-07-27 15:07:10', 412),
(112, 'A-112', 1.17, 0, '2021-07-27 15:07:12', '2021-07-27 15:07:12', 414),
(113, 'A-113', 0.31, 0, '2021-07-27 15:07:14', '2021-07-27 15:07:14', 415),
(114, 'A-114', 0.43, 0, '2021-07-27 15:07:16', '2021-07-27 15:07:16', 417),
(115, 'A-115', 0.85, 0, '2021-07-27 15:07:18', '2021-07-27 15:07:18', 418),
(116, 'A-116', 1, 0, '2021-07-27 15:07:20', '2021-07-27 15:07:20', 420),
(117, 'A-117', 1.71, 0, '2021-07-27 15:07:27', '2021-07-27 15:07:27', 424),
(118, 'A-118', 1.71, 0, '2021-07-27 15:07:32', '2021-07-27 15:07:32', 427),
(119, 'A-119', 1.73, 0, '2021-07-27 15:07:35', '2021-07-27 15:07:35', 429),
(120, 'A-120', 1.71, 0, '2021-07-27 15:07:40', '2021-07-27 15:07:40', 431),
(121, 'A-121', 1.71, 0, '2021-07-27 15:07:41', '2021-07-27 15:07:41', 432),
(122, 'A-122', 1.71, 0, '2021-07-27 15:07:47', '2021-07-27 15:07:47', 435),
(123, 'A-123', 1.71, 0, '2021-07-27 15:07:49', '2021-07-27 15:07:49', 436),
(124, 'A-124', 1.71, 0, '2021-07-27 15:07:55', '2021-07-27 15:07:55', 439),
(125, 'A-125', 1.71, 0, '2021-07-27 15:08:02', '2021-07-27 15:08:02', 443),
(126, 'A-126', 1.71, 0, '2021-07-27 15:08:04', '2021-07-27 15:08:04', 445),
(127, 'A-127', 1.68, 0, '2021-07-27 15:08:06', '2021-07-27 15:08:06', 447),
(128, 'A-128', 1.71, 0, '2021-07-27 15:08:09', '2021-07-27 15:08:09', 448),
(129, 'A-129', 1.68, 0, '2021-07-27 15:08:11', '2021-07-27 15:08:11', 450),
(130, 'A-130', 1.71, 0, '2021-07-27 15:08:15', '2021-07-27 15:08:15', 452);

-- --------------------------------------------------------

--
-- Table structure for table `password_resets`
--

CREATE TABLE `password_resets` (
  `email` varchar(255) COLLATE utf8mb4_unicode_ci NOT NULL,
  `token` varchar(255) COLLATE utf8mb4_unicode_ci NOT NULL,
  `created_at` timestamp NULL DEFAULT NULL
) ENGINE=InnoDB DEFAULT CHARSET=utf8mb4 COLLATE=utf8mb4_unicode_ci;

-- --------------------------------------------------------

--
-- Table structure for table `settings`
--

CREATE TABLE `settings` (
  `id` bigint(20) UNSIGNED NOT NULL,
  `name` text COLLATE utf8mb4_unicode_ci NOT NULL,
  `value` text COLLATE utf8mb4_unicode_ci NOT NULL
) ENGINE=InnoDB DEFAULT CHARSET=utf8mb4 COLLATE=utf8mb4_unicode_ci;

--
-- Dumping data for table `settings`
--

INSERT INTO `settings` (`id`, `name`, `value`) VALUES
(1, 'max_data_in_graph', '30'),
(2, 'delay_on_dashboard', '5'),
(3, 'lux_divider', '100');

-- --------------------------------------------------------

--
-- Table structure for table `users`
--

CREATE TABLE `users` (
  `id` bigint(20) UNSIGNED NOT NULL,
  `username` varchar(50) COLLATE utf8mb4_unicode_ci NOT NULL,
  `email` varchar(60) COLLATE utf8mb4_unicode_ci NOT NULL,
  `password` varchar(100) COLLATE utf8mb4_unicode_ci NOT NULL,
  `fullname` varchar(100) COLLATE utf8mb4_unicode_ci NOT NULL,
  `phone_number` varchar(20) COLLATE utf8mb4_unicode_ci DEFAULT NULL,
  `profile_picture` varchar(100) COLLATE utf8mb4_unicode_ci NOT NULL DEFAULT 'default.jpg',
  `role_id` bigint(20) UNSIGNED NOT NULL,
  `remember_token` varchar(100) COLLATE utf8mb4_unicode_ci DEFAULT NULL,
  `created_at` timestamp NULL DEFAULT NULL,
  `updated_at` timestamp NULL DEFAULT NULL
) ENGINE=InnoDB DEFAULT CHARSET=utf8mb4 COLLATE=utf8mb4_unicode_ci;

--
-- Dumping data for table `users`
--

INSERT INTO `users` (`id`, `username`, `email`, `password`, `fullname`, `phone_number`, `profile_picture`, `role_id`, `remember_token`, `created_at`, `updated_at`) VALUES
(1, 'admin', 'admin@hppmon.com', '$2y$10$IXY5G8wy550G4K4IJIvUQua2OHDTT37ahKFlagE9vFgodXMDcG1/.', 'Super Admin HPP-Monitoring', '0812345678911', 'admin.png', 1, NULL, '2021-07-23 08:46:52', '2021-07-23 08:53:51'),
(2, 'staff', 'staff@hppmon.com', '$2y$10$WwCcAnDF/5ZErFdGF8nDu.Nf8wHZpz.tL4c8YLZ3FHrvthLBcXyZ.', 'Staff HPP-Monitoring', '0810987654321', 'default.jpg', 2, NULL, '2021-07-23 08:46:52', '2021-07-23 08:46:52');

--
-- Indexes for dumped tables
--

--
-- Indexes for table `failed_jobs`
--
ALTER TABLE `failed_jobs`
  ADD PRIMARY KEY (`id`);

--
-- Indexes for table `migrations`
--
ALTER TABLE `migrations`
  ADD PRIMARY KEY (`id`);

--
-- Indexes for table `m_main_data`
--
ALTER TABLE `m_main_data`
  ADD PRIMARY KEY (`id`);

--
-- Indexes for table `m_report`
--
ALTER TABLE `m_report`
  ADD PRIMARY KEY (`id`),
  ADD KEY `m_report_user_id_foreign` (`user_id`);

--
-- Indexes for table `m_role`
--
ALTER TABLE `m_role`
  ADD PRIMARY KEY (`id`);

--
-- Indexes for table `m_sun_data`
--
ALTER TABLE `m_sun_data`
  ADD PRIMARY KEY (`id`),
  ADD KEY `m_sun_data_main_data_id_foreign` (`main_data_id`);

--
-- Indexes for table `m_wind_data`
--
ALTER TABLE `m_wind_data`
  ADD PRIMARY KEY (`id`),
  ADD KEY `m_wind_data_main_data_id_foreign` (`main_data_id`);

--
-- Indexes for table `password_resets`
--
ALTER TABLE `password_resets`
  ADD KEY `password_resets_email_index` (`email`);

--
-- Indexes for table `settings`
--
ALTER TABLE `settings`
  ADD PRIMARY KEY (`id`);

--
-- Indexes for table `users`
--
ALTER TABLE `users`
  ADD PRIMARY KEY (`id`),
  ADD UNIQUE KEY `users_username_unique` (`username`),
  ADD KEY `users_role_id_foreign` (`role_id`);

--
-- AUTO_INCREMENT for dumped tables
--

--
-- AUTO_INCREMENT for table `failed_jobs`
--
ALTER TABLE `failed_jobs`
  MODIFY `id` bigint(20) UNSIGNED NOT NULL AUTO_INCREMENT;

--
-- AUTO_INCREMENT for table `migrations`
--
ALTER TABLE `migrations`
  MODIFY `id` int(10) UNSIGNED NOT NULL AUTO_INCREMENT, AUTO_INCREMENT=11;

--
-- AUTO_INCREMENT for table `m_main_data`
--
ALTER TABLE `m_main_data`
  MODIFY `id` bigint(20) UNSIGNED NOT NULL AUTO_INCREMENT, AUTO_INCREMENT=454;

--
-- AUTO_INCREMENT for table `m_report`
--
ALTER TABLE `m_report`
  MODIFY `id` bigint(20) UNSIGNED NOT NULL AUTO_INCREMENT;

--
-- AUTO_INCREMENT for table `m_role`
--
ALTER TABLE `m_role`
  MODIFY `id` bigint(20) UNSIGNED NOT NULL AUTO_INCREMENT, AUTO_INCREMENT=3;

--
-- AUTO_INCREMENT for table `m_sun_data`
--
ALTER TABLE `m_sun_data`
  MODIFY `id` bigint(20) UNSIGNED NOT NULL AUTO_INCREMENT, AUTO_INCREMENT=322;

--
-- AUTO_INCREMENT for table `m_wind_data`
--
ALTER TABLE `m_wind_data`
  MODIFY `id` bigint(20) UNSIGNED NOT NULL AUTO_INCREMENT, AUTO_INCREMENT=131;

--
-- AUTO_INCREMENT for table `settings`
--
ALTER TABLE `settings`
  MODIFY `id` bigint(20) UNSIGNED NOT NULL AUTO_INCREMENT, AUTO_INCREMENT=4;

--
-- AUTO_INCREMENT for table `users`
--
ALTER TABLE `users`
  MODIFY `id` bigint(20) UNSIGNED NOT NULL AUTO_INCREMENT, AUTO_INCREMENT=3;

--
-- Constraints for dumped tables
--

--
-- Constraints for table `m_report`
--
ALTER TABLE `m_report`
  ADD CONSTRAINT `m_report_user_id_foreign` FOREIGN KEY (`user_id`) REFERENCES `users` (`id`) ON UPDATE CASCADE;

--
-- Constraints for table `m_sun_data`
--
ALTER TABLE `m_sun_data`
  ADD CONSTRAINT `m_sun_data_main_data_id_foreign` FOREIGN KEY (`main_data_id`) REFERENCES `m_main_data` (`id`) ON UPDATE CASCADE;

--
-- Constraints for table `m_wind_data`
--
ALTER TABLE `m_wind_data`
  ADD CONSTRAINT `m_wind_data_main_data_id_foreign` FOREIGN KEY (`main_data_id`) REFERENCES `m_main_data` (`id`) ON UPDATE CASCADE;

--
-- Constraints for table `users`
--
ALTER TABLE `users`
  ADD CONSTRAINT `users_role_id_foreign` FOREIGN KEY (`role_id`) REFERENCES `m_role` (`id`) ON DELETE NO ACTION ON UPDATE CASCADE;
COMMIT;

/*!40101 SET CHARACTER_SET_CLIENT=@OLD_CHARACTER_SET_CLIENT */;
/*!40101 SET CHARACTER_SET_RESULTS=@OLD_CHARACTER_SET_RESULTS */;
/*!40101 SET COLLATION_CONNECTION=@OLD_COLLATION_CONNECTION */;
